{"poseDistance":32.078859500582055,"lowestDistance":16.01384034786696,"largestDistance":50.506404170846565,"dtwDistance":11998.151704383085,"bodyParts":{"torso":{"poseDistance":7.10482052197961,"lowestDistance":2.146992122310583,"largestDistance":12.573437385550427},"leftHand":{"poseDistance":16.415749985729565,"lowestDistance":6.616949139657184,"largestDistance":28.62010930108534},"rightHand":{"poseDistance":16.913629223068078,"lowestDistance":5.7886357360164205,"largestDistance":30.88994882789478},"leftLeg":{"poseDistance":11.553301147672585,"lowestDistance":3.4575933369378453,"largestDistance":22.2801796500407},"rightLeg":{"poseDistance":10.750225581254947,"lowestDistance":3.395786577101021,"largestDistance":20.635979439947505}}}