{"poseDistance":1.4108201590557758,"lowestDistance":0.6932587654025387,"largestDistance":2.1425100352441397,"dtwDistance":103.66789953587904,"bodyParts":{"torso":{"poseDistance":0.3250183823816202,"lowestDistance":0.1361923530080922,"largestDistance":0.6306085660262579},"leftHand":{"poseDistance":0.788791716692258,"lowestDistance":0.2920958090800153,"largestDistance":1.3624617283407088},"rightHand":{"poseDistance":0.8919740834538095,"lowestDistance":0.3168364791070027,"largestDistance":1.5289306370977311},"leftLeg":{"poseDistance":0.31283037527265534,"lowestDistance":0.1625607561093452,"largestDistance":0.5750787138106274},"rightLeg":{"poseDistance":0.3041840682822303,"lowestDistance":0.15180621968565455,"largestDistance":0.6055792401778587}}}